	Cell0	Cell1	Cell2	Cell3	Cell4	Cell5	Cell6	Cell7	Cell8	Cell9	Cell10	Cell11	Cell12	Cell13	Cell14	Cell15	Cell16	Cell17	Cell18	Cell19	Cell20	Cell21	Cell22	Cell23	Cell24	Cell25	Cell26	Cell27	Cell28	Cell29	Cell30	Cell31	Cell32	Cell33	Cell34	Cell35	Cell36	Cell37	Cell38	Cell39	Cell40	Cell41	Cell42	Cell43	Cell44	Cell45	Cell46	Cell47	Cell48	Cell49	Cell50	Cell51	Cell52	Cell53	Cell54	Cell55	Cell56	Cell57	Cell58	Cell59	Cell60	Cell61	Cell62	Cell63	Cell64	Cell65	Cell66	Cell67	Cell68	Cell69	Cell70	Cell71	Cell72	Cell73	Cell74	Cell75	Cell76	Cell77	Cell78	Cell79	Cell80	Cell81	Cell82	Cell83	Cell84	Cell85	Cell86	Cell87	Cell88	Cell89	Cell90	Cell91	Cell92	Cell93	Cell94	Cell95	Cell96	Cell97	Cell98	Cell99
TF1	17.0	457.0	426.0	135.0	499.0	114.0	405.0	457.0	435.0	472.0	314.0	289.0	404.0	83.0	130.0	209.0	105.0	478.0	410.0	316.0	256.0	411.0	176.0	124.0	344.0	488.0	426.0	464.0	328.0	316.0	276.0	123.0	399.0	322.0	362.0	332.0	15.0	136.0	479.0	66.0	119.0	292.0	178.0	486.0	331.0	307.0	122.0	365.0	14.0	99.0	288.0	339.0	297.0	210.0	254.0	324.0	315.0	233.0	421.0	381.0	45.0	360.0	217.0	429.0	139.0	401.0	407.0	0.0	433.0	154.0	432.0	63.0	422.0	424.0	474.0	324.0	238.0	109.0	135.0	469.0	337.0	211.0	25.0	98.0	335.0	90.0	170.0	44.0	415.0	460.0	278.0	20.0	164.0	58.0	235.0	299.0	498.0	46.0	102.0	465.0
Gene1	20.0	448.0	416.0	185.0	523.0	180.0	441.0	370.0	418.0	405.0	315.0	361.0	355.0	113.0	118.0	171.0	215.0	375.0	353.0	348.0	213.0	313.0	239.0	212.0	405.0	515.0	440.0	406.0	340.0	240.0	237.0	135.0	377.0	387.0	327.0	346.0	135.0	113.0	456.0	144.0	214.0	221.0	244.0	385.0	362.0	330.0	179.0	308.0	86.0	92.0	340.0	280.0	288.0	220.0	194.0	312.0	293.0	187.0	459.0	298.0	143.0	287.0	180.0	462.0	132.0	322.0	405.0	23.0	470.0	189.0	455.0	56.0	421.0	337.0	388.0	281.0	209.0	156.0	184.0	400.0	380.0	283.0	158.0	113.0	307.0	68.0	148.0	79.0	375.0	395.0	330.0	125.0	150.0	174.0	192.0	310.0	404.0	106.0	82.0	437.0
Gene2	56.0	424.0	400.0	196.0	383.0	201.0	410.0	466.0	358.0	461.0	321.0	277.0	394.0	62.0	120.0	263.0	100.0	364.0	345.0	283.0	261.0	423.0	142.0	238.0	330.0	453.0	447.0	348.0	298.0	279.0	216.0	175.0	317.0	357.0	392.0	311.0	95.0	118.0	461.0	131.0	121.0	359.0	229.0	428.0	304.0	237.0	187.0	307.0	109.0	76.0	296.0	348.0	278.0	173.0	239.0	365.0	376.0	181.0	363.0	333.0	51.0	358.0	303.0	384.0	206.0	319.0	335.0	134.0	429.0	246.0	435.0	133.0	436.0	328.0	374.0	390.0	250.0	162.0	239.0	450.0	293.0	264.0	136.0	145.0	376.0	157.0	203.0	37.0	373.0	457.0	284.0	138.0	172.0	158.0	182.0	227.0	479.0	165.0	182.0	449.0
Gene3	108.0	411.0	419.0	131.0	404.0	124.0	453.0	366.0	388.0	446.0	343.0	273.0	318.0	188.0	189.0	244.0	219.0	494.0	430.0	331.0	275.0	403.0	239.0	191.0	292.0	393.0	390.0	478.0	274.0	360.0	338.0	205.0	410.0	308.0	362.0	323.0	66.0	116.0	384.0	135.0	145.0	303.0	256.0	449.0	359.0	302.0	99.0	352.0	22.0	145.0	281.0	271.0	281.0	288.0	312.0	287.0	322.0	203.0	401.0	357.0	160.0	382.0	228.0	379.0	201.0	372.0	347.0	132.0	377.0	191.0	455.0	118.0	420.0	384.0	370.0	332.0	324.0	181.0	244.0	383.0	275.0	187.0	114.0	144.0	289.0	156.0	260.0	131.0	413.0	379.0	320.0	102.0	128.0	76.0	300.0	262.0	384.0	156.0	83.0	373.0
Gene4	119.0	405.0	355.0	189.0	497.0	207.0	450.0	398.0	375.0	501.0	314.0	337.0	353.0	113.0	212.0	199.0	86.0	367.0	351.0	290.0	322.0	325.0	249.0	162.0	389.0	425.0	450.0	414.0	373.0	335.0	240.0	181.0	419.0	260.0	397.0	292.0	93.0	238.0	447.0	194.0	182.0	352.0	182.0	388.0	296.0	315.0	230.0	334.0	13.0	161.0	288.0	262.0	302.0	230.0	221.0	386.0	237.0	197.0	343.0	348.0	146.0	275.0	198.0	348.0	117.0	340.0	427.0	97.0	411.0	149.0	416.0	53.0	381.0	451.0	426.0	310.0	275.0	159.0	222.0	388.0	284.0	274.0	93.0	181.0	254.0	169.0	222.0	84.0	340.0	422.0	338.0	136.0	150.0	166.0	240.0	271.0	438.0	165.0	130.0	368.0
Gene5	83.0	452.0	463.0	108.0	386.0	224.0	416.0	380.0	433.0	456.0	238.0	337.0	333.0	67.0	102.0	172.0	179.0	447.0	325.0	241.0	292.0	321.0	208.0	207.0	371.0	384.0	425.0	420.0	378.0	373.0	262.0	193.0	303.0	308.0	414.0	374.0	80.0	127.0	384.0	165.0	148.0	277.0	144.0	503.0	328.0	314.0	162.0	378.0	83.0	125.0	256.0	260.0	329.0	280.0	196.0	305.0	250.0	299.0	387.0	397.0	53.0	405.0	204.0	323.0	231.0	378.0	322.0	67.0	396.0	193.0	425.0	166.0	432.0	358.0	400.0	317.0	307.0	218.0	138.0	377.0	324.0	209.0	116.0	187.0	323.0	71.0	239.0	65.0	380.0	373.0	210.0	117.0	166.0	97.0	304.0	224.0	472.0	82.0	96.0	406.0
Gene6	31.0	478.0	346.0	220.0	468.0	180.0	421.0	381.0	472.0	476.0	358.0	235.0	419.0	72.0	209.0	282.0	191.0	429.0	358.0	300.0	276.0	409.0	160.0	207.0	363.0	496.0	399.0	404.0	326.0	246.0	347.0	166.0	417.0	314.0	353.0	394.0	121.0	113.0	446.0	78.0	133.0	327.0	184.0	388.0	259.0	329.0	230.0	291.0	48.0	114.0	231.0	402.0	277.0	208.0	220.0	291.0	283.0	311.0	329.0	348.0	162.0	331.0	170.0	461.0	202.0	308.0	340.0	14.0	404.0	163.0	341.0	59.0	445.0	466.0	400.0	321.0	180.0	165.0	215.0	407.0	363.0	193.0	102.0	194.0	362.0	213.0	168.0	48.0	406.0	446.0	263.0	149.0	242.0	131.0	276.0	304.0	483.0	69.0	206.0	384.0
Gene7	31.0	377.0	440.0	217.0	474.0	210.0	431.0	441.0	396.0	453.0	280.0	333.0	439.0	134.0	231.0	162.0	111.0	449.0	429.0	381.0	320.0	407.0	188.0	193.0	392.0	428.0	416.0	400.0	255.0	293.0	231.0	171.0	371.0	318.0	287.0	362.0	70.0	233.0	436.0	53.0	119.0	253.0	138.0	501.0	390.0	370.0	104.0	393.0	42.0	107.0	328.0	379.0	336.0	214.0	214.0	355.0	294.0	225.0	324.0	360.0	46.0	383.0	239.0	463.0	124.0	370.0	328.0	30.0	463.0	240.0	473.0	131.0	404.0	396.0	503.0	280.0	182.0	159.0	194.0	427.0	301.0	243.0	119.0	213.0	319.0	93.0	225.0	166.0	451.0	472.0	306.0	82.0	202.0	66.0	191.0	345.0	442.0	181.0	89.0	444.0
Gene8	161.0	401.0	349.0	146.0	414.0	118.0	430.0	373.0	342.0	359.0	382.0	353.0	305.0	78.0	164.0	234.0	188.0	365.0	364.0	335.0	289.0	314.0	185.0	163.0	375.0	453.0	458.0	462.0	340.0	321.0	315.0	175.0	407.0	353.0	320.0	301.0	39.0	126.0	441.0	82.0	221.0	361.0	186.0	398.0	388.0	302.0	227.0	309.0	20.0	214.0	259.0	309.0	273.0	157.0	204.0	292.0	324.0	249.0	397.0	372.0	142.0	336.0	237.0	416.0	247.0	406.0	379.0	17.0	328.0	241.0	467.0	148.0	437.0	359.0	419.0	262.0	225.0	177.0	223.0	371.0	301.0	179.0	39.0	206.0	371.0	187.0	238.0	50.0	341.0	374.0	316.0	155.0	186.0	182.0	251.0	353.0	405.0	39.0	151.0	448.0
Gene9	80.0	395.0	462.0	147.0	463.0	110.0	318.0	352.0	441.0	441.0	236.0	347.0	370.0	164.0	220.0	259.0	191.0	465.0	334.0	262.0	247.0	419.0	171.0	133.0	383.0	440.0	355.0	485.0	259.0	313.0	254.0	174.0	410.0	344.0	381.0	298.0	111.0	177.0	481.0	64.0	132.0	249.0	181.0	466.0	337.0	300.0	192.0	275.0	25.0	186.0	325.0	389.0	236.0	214.0	245.0	376.0	385.0	321.0	409.0	342.0	78.0	323.0	181.0	333.0	112.0	349.0	366.0	101.0	433.0	162.0	453.0	145.0	330.0	410.0	418.0	353.0	281.0	141.0	167.0	453.0	273.0	167.0	22.0	146.0	319.0	116.0	210.0	59.0	412.0	447.0	212.0	16.0	257.0	127.0	311.0	300.0	508.0	58.0	188.0	397.0
Gene10	128.0	468.0	386.0	247.0	495.0	150.0	329.0	400.0	333.0	401.0	254.0	327.0	392.0	110.0	234.0	187.0	139.0	409.0	417.0	372.0	321.0	432.0	163.0	158.0	376.0	453.0	372.0	368.0	306.0	288.0	304.0	187.0	394.0	347.0	414.0	373.0	52.0	222.0	362.0	112.0	141.0	272.0	203.0	424.0	341.0	368.0	205.0	363.0	101.0	164.0	224.0	366.0	269.0	193.0	216.0	321.0	382.0	233.0	327.0	365.0	41.0	301.0	275.0	367.0	198.0	351.0	358.0	9.0	470.0	248.0	455.0	113.0	412.0	407.0	410.0	318.0	243.0	174.0	191.0	472.0	402.0	226.0	143.0	76.0	320.0	213.0	195.0	134.0	332.0	446.0	310.0	147.0	216.0	182.0	221.0	370.0	490.0	88.0	135.0	474.0
Gene11	116.0	424.0	432.0	160.0	416.0	132.0	367.0	349.0	345.0	440.0	340.0	305.0	392.0	173.0	187.0	301.0	191.0	379.0	313.0	285.0	246.0	341.0	255.0	120.0	387.0	407.0	468.0	352.0	283.0	331.0	256.0	171.0	419.0	242.0	297.0	258.0	83.0	116.0	370.0	70.0	181.0	231.0	228.0	501.0	364.0	318.0	202.0	360.0	51.0	124.0	232.0	379.0	332.0	191.0	291.0	251.0	303.0	306.0	461.0	296.0	44.0	276.0	312.0	400.0	202.0	366.0	373.0	128.0	333.0	157.0	463.0	50.0	425.0	319.0	419.0	349.0	312.0	125.0	164.0	477.0	280.0	181.0	72.0	132.0	274.0	150.0	182.0	45.0	357.0	429.0	316.0	141.0	201.0	93.0	247.0	303.0	482.0	109.0	144.0	489.0
Gene12	153.0	445.0	441.0	104.0	504.0	189.0	333.0	401.0	472.0	376.0	365.0	217.0	320.0	162.0	193.0	255.0	104.0	412.0	388.0	247.0	308.0	377.0	153.0	161.0	300.0	496.0	450.0	435.0	357.0	263.0	306.0	236.0	335.0	311.0	370.0	310.0	93.0	138.0	398.0	135.0	130.0	354.0	247.0	390.0	321.0	239.0	147.0	363.0	52.0	123.0	359.0	307.0	228.0	248.0	226.0	370.0	271.0	242.0	451.0	302.0	81.0	329.0	244.0	405.0	232.0	429.0	332.0	136.0	439.0	251.0	412.0	95.0	421.0	451.0	428.0	311.0	186.0	201.0	132.0	376.0	343.0	280.0	152.0	177.0	305.0	179.0	265.0	129.0	420.0	356.0	227.0	119.0	204.0	164.0	261.0	340.0	472.0	121.0	107.0	496.0
Gene13	29.0	468.0	326.0	218.0	488.0	99.0	448.0	473.0	406.0	473.0	362.0	271.0	386.0	82.0	234.0	287.0	162.0	407.0	320.0	282.0	234.0	374.0	136.0	146.0	331.0	500.0	435.0	405.0	276.0	237.0	263.0	114.0	398.0	345.0	407.0	312.0	128.0	186.0	499.0	99.0	100.0	358.0	233.0	421.0	311.0	348.0	194.0	284.0	72.0	175.0	222.0	304.0	347.0	184.0	288.0	309.0	278.0	236.0	372.0	392.0	122.0	360.0	250.0	442.0	160.0	323.0	321.0	110.0	442.0	180.0	390.0	55.0	338.0	374.0	382.0	377.0	197.0	166.0	157.0	363.0	280.0	245.0	60.0	97.0	347.0	179.0	262.0	155.0	381.0	391.0	211.0	106.0	257.0	70.0	277.0	287.0	447.0	120.0	129.0	366.0
Gene14	61.0	430.0	441.0	224.0	433.0	207.0	390.0	443.0	367.0	484.0	278.0	225.0	409.0	193.0	213.0	205.0	215.0	375.0	411.0	285.0	284.0	397.0	137.0	103.0	376.0	414.0	372.0	366.0	263.0	265.0	253.0	120.0	405.0	317.0	367.0	329.0	91.0	191.0	475.0	182.0	176.0	316.0	209.0	470.0	348.0	292.0	191.0	276.0	142.0	127.0	305.0	353.0	265.0	256.0	323.0	302.0	338.0	207.0	464.0	380.0	82.0	323.0	176.0	379.0	184.0	410.0	401.0	70.0	332.0	198.0	439.0	109.0	451.0	425.0	468.0	375.0	273.0	90.0	143.0	362.0	329.0	250.0	145.0	116.0	262.0	103.0	178.0	86.0	312.0	425.0	341.0	87.0	226.0	113.0	292.0	271.0	448.0	89.0	159.0	423.0
Gene15	88.0	348.0	336.0	186.0	409.0	197.0	433.0	419.0	359.0	462.0	326.0	231.0	407.0	179.0	139.0	213.0	83.0	472.0	370.0	337.0	304.0	326.0	145.0	133.0	395.0	406.0	339.0	416.0	258.0	331.0	322.0	213.0	373.0	303.0	354.0	364.0	43.0	185.0	469.0	126.0	226.0	340.0	196.0	431.0	344.0	324.0	150.0	408.0	130.0	90.0	291.0	395.0	228.0	243.0	216.0	342.0	376.0	185.0	439.0	320.0	45.0	294.0	171.0	394.0	239.0	377.0	343.0	10.0	369.0	126.0	466.0	140.0	337.0	327.0	480.0	282.0	231.0	148.0	238.0	422.0	279.0	273.0	131.0	82.0	334.0	86.0	276.0	41.0	336.0	410.0	339.0	25.0	246.0	102.0	322.0	226.0	443.0	122.0	152.0	416.0
Gene16	72.0	390.0	335.0	124.0	377.0	218.0	435.0	351.0	426.0	408.0	293.0	245.0	420.0	204.0	174.0	277.0	199.0	363.0	330.0	349.0	287.0	364.0	266.0	174.0	323.0	435.0	443.0	397.0	266.0	374.0	224.0	227.0	400.0	271.0	316.0	364.0	143.0	144.0	459.0	121.0	149.0	278.0	221.0	504.0	266.0	364.0	199.0	391.0	59.0	200.0	280.0	305.0	310.0	294.0	223.0	314.0	283.0	320.0	333.0	368.0	92.0	326.0	303.0	417.0	221.0	310.0	431.0	62.0	347.0	174.0	421.0	142.0	333.0	365.0	407.0	246.0	304.0	220.0	109.0	468.0	371.0	228.0	69.0	205.0	275.0	214.0	165.0	86.0	364.0	360.0	289.0	23.0	155.0	169.0	315.0	353.0	502.0	44.0	121.0	488.0
Gene17	122.0	403.0	392.0	172.0	457.0	196.0	451.0	465.0	398.0	354.0	274.0	332.0	379.0	184.0	232.0	272.0	82.0	382.0	371.0	289.0	272.0	456.0	214.0	223.0	302.0	411.0	320.0	403.0	312.0	290.0	240.0	235.0	385.0	322.0	365.0	342.0	142.0	227.0	388.0	53.0	142.0	311.0	203.0	512.0	383.0	341.0	127.0	332.0	99.0	183.0	304.0	375.0	363.0	178.0	269.0	338.0	316.0	318.0	339.0	344.0	106.0	401.0	283.0	404.0	179.0	417.0	335.0	8.0	342.0	155.0	410.0	110.0	410.0	441.0	482.0	281.0	234.0	182.0	226.0	371.0	331.0	282.0	128.0	193.0	277.0	144.0	223.0	99.0	391.0	372.0	317.0	122.0	134.0	84.0	199.0	330.0	403.0	133.0	90.0	463.0
Gene18	133.0	412.0	357.0	143.0	480.0	163.0	323.0	455.0	327.0	473.0	374.0	249.0	452.0	103.0	180.0	193.0	195.0	416.0	325.0	374.0	275.0	431.0	218.0	196.0	363.0	410.0	379.0	386.0	250.0	268.0	300.0	94.0	370.0	289.0	301.0	325.0	43.0	146.0	505.0	113.0	189.0	333.0	256.0	469.0	290.0	376.0	162.0	333.0	94.0	129.0	277.0	400.0	293.0	208.0	334.0	255.0	279.0	239.0	345.0	334.0	143.0	337.0	239.0	415.0	132.0	428.0	347.0	10.0	450.0	201.0	435.0	172.0	459.0	459.0	374.0	308.0	282.0	104.0	150.0	362.0	396.0	164.0	126.0	175.0	375.0	147.0	189.0	142.0	458.0	459.0	333.0	140.0	270.0	57.0	261.0	326.0	403.0	132.0	112.0	391.0
Gene19	47.0	404.0	342.0	222.0	489.0	195.0	406.0	414.0	450.0	395.0	291.0	350.0	392.0	163.0	130.0	210.0	131.0	491.0	412.0	381.0	267.0	344.0	223.0	205.0	375.0	439.0	362.0	491.0	361.0	263.0	274.0	191.0	334.0	266.0	355.0	353.0	61.0	168.0	416.0	191.0	158.0	247.0	164.0	441.0	297.0	365.0	141.0	373.0	58.0	87.0	320.0	335.0	324.0	238.0	197.0	333.0	321.0	316.0	441.0	324.0	48.0	299.0	184.0	465.0	211.0	414.0	361.0	65.0	380.0	166.0	375.0	79.0	435.0	341.0	414.0	264.0	289.0	188.0	208.0	494.0	319.0	166.0	125.0	216.0	368.0	124.0	202.0	139.0	355.0	472.0	214.0	76.0	193.0	81.0	230.0	353.0	523.0	118.0	170.0	442.0
Gene20	59.0	375.0	402.0	192.0	440.0	192.0	349.0	481.0	407.0	454.0	332.0	329.0	414.0	126.0	243.0	233.0	205.0	476.0	393.0	370.0	193.0	386.0	250.0	177.0	402.0	485.0	415.0	476.0	351.0	268.0	327.0	144.0	405.0	344.0	341.0	268.0	79.0	189.0	370.0	139.0	121.0	255.0	225.0	453.0	356.0	326.0	213.0	421.0	158.0	201.0	310.0	261.0	324.0	173.0	277.0	295.0	238.0	181.0	452.0	290.0	113.0	311.0	168.0	463.0	244.0	436.0	397.0	147.0	390.0	236.0	438.0	172.0	365.0	460.0	415.0	341.0	204.0	128.0	230.0	422.0	362.0	305.0	58.0	186.0	277.0	214.0	174.0	64.0	373.0	484.0	313.0	111.0	224.0	87.0	231.0	305.0	441.0	181.0	127.0	370.0
Gene21	15.0	404.0	433.0	220.0	517.0	229.0	402.0	360.0	358.0	379.0	366.0	319.0	362.0	88.0	219.0	183.0	193.0	470.0	409.0	358.0	223.0	452.0	159.0	132.0	282.0	494.0	406.0	385.0	386.0	347.0	317.0	127.0	406.0	363.0	358.0	359.0	31.0	138.0	437.0	113.0	148.0	228.0	240.0	430.0	335.0	300.0	101.0	284.0	38.0	78.0	242.0	399.0	369.0	159.0	256.0	323.0	247.0	265.0	448.0	323.0	135.0	302.0	239.0	354.0	251.0	414.0	339.0	138.0	397.0	238.0	435.0	151.0	326.0	329.0	461.0	299.0	224.0	132.0	158.0	446.0	316.0	165.0	94.0	80.0	345.0	133.0	189.0	113.0	353.0	416.0	232.0	120.0	235.0	116.0	314.0	314.0	415.0	140.0	183.0	397.0
Gene22	115.0	438.0	395.0	203.0	441.0	220.0	386.0	350.0	396.0	363.0	252.0	316.0	395.0	90.0	167.0	162.0	111.0	429.0	321.0	311.0	261.0	315.0	242.0	105.0	345.0	505.0	385.0	376.0	312.0	251.0	338.0	148.0	338.0	249.0	286.0	362.0	153.0	169.0	452.0	76.0	221.0	247.0	268.0	444.0	342.0	356.0	154.0	416.0	107.0	151.0	272.0	372.0	236.0	276.0	230.0	243.0	249.0	216.0	464.0	369.0	125.0	337.0	242.0	329.0	247.0	370.0	318.0	128.0	355.0	250.0	418.0	165.0	399.0	363.0	454.0	318.0	282.0	165.0	123.0	362.0	372.0	260.0	33.0	167.0	269.0	172.0	194.0	78.0	330.0	423.0	325.0	29.0	253.0	71.0	200.0	262.0	462.0	94.0	144.0	361.0
Gene23	90.0	485.0	328.0	117.0	474.0	229.0	445.0	356.0	455.0	429.0	346.0	235.0	342.0	198.0	210.0	249.0	115.0	443.0	326.0	321.0	299.0	441.0	268.0	220.0	316.0	478.0	416.0	417.0	345.0	287.0	349.0	135.0	318.0	307.0	277.0	345.0	141.0	145.0	370.0	80.0	157.0	288.0	241.0	368.0	315.0	247.0	110.0	378.0	29.0	76.0	284.0	385.0	241.0	234.0	328.0	289.0	365.0	271.0	463.0	366.0	120.0	365.0	226.0	328.0	233.0	440.0	364.0	76.0	408.0	128.0	427.0	182.0	387.0	321.0	490.0	360.0	232.0	159.0	240.0	436.0	332.0	294.0	55.0	183.0	268.0	79.0	224.0	80.0	341.0	403.0	220.0	65.0	208.0	141.0	289.0	287.0	413.0	124.0	114.0	395.0
Gene24	32.0	391.0	425.0	228.0	498.0	218.0	435.0	425.0	456.0	453.0	322.0	334.0	428.0	153.0	107.0	213.0	113.0	498.0	441.0	299.0	257.0	336.0	209.0	214.0	338.0	372.0	401.0	496.0	284.0	266.0	322.0	148.0	324.0	291.0	416.0	314.0	29.0	108.0	371.0	132.0	236.0	281.0	173.0	380.0	327.0	278.0	180.0	294.0	43.0	150.0	251.0	313.0	290.0	161.0	223.0	245.0	290.0	246.0	409.0	415.0	131.0	366.0	261.0	427.0	251.0	328.0	446.0	0.0	380.0	128.0	363.0	90.0	428.0	403.0	374.0	387.0	308.0	189.0	184.0	378.0	397.0	266.0	19.0	97.0	373.0	82.0	232.0	178.0	385.0	462.0	259.0	54.0	173.0	117.0	217.0	246.0	502.0	95.0	100.0	411.0
Gene25	37.0	474.0	445.0	237.0	431.0	158.0	433.0	389.0	345.0	357.0	250.0	237.0	342.0	88.0	244.0	180.0	135.0	403.0	354.0	370.0	334.0	394.0	209.0	140.0	266.0	408.0	415.0	363.0	247.0	386.0	318.0	236.0	401.0	266.0	363.0	289.0	87.0	117.0	472.0	103.0	140.0	228.0	261.0	458.0	250.0	374.0	100.0	324.0	41.0	136.0	249.0	290.0	280.0	287.0	211.0	325.0	302.0	235.0	394.0	419.0	61.0	389.0	269.0	471.0	211.0	430.0	440.0	112.0	354.0	235.0	463.0	68.0	405.0	457.0	431.0	314.0	180.0	164.0	199.0	500.0	295.0	305.0	69.0	153.0	275.0	114.0	250.0	106.0	381.0	400.0	240.0	126.0	247.0	96.0	190.0	320.0	514.0	58.0	203.0	393.0
Gene26	43.0	443.0	398.0	199.0	380.0	139.0	416.0	450.0	357.0	377.0	276.0	304.0	366.0	154.0	176.0	211.0	129.0	419.0	308.0	343.0	319.0	391.0	146.0	110.0	327.0	389.0	367.0	402.0	313.0	374.0	218.0	124.0	415.0	328.0	286.0	300.0	154.0	136.0	379.0	118.0	186.0	248.0	159.0	498.0	343.0	292.0	182.0	352.0	85.0	176.0	344.0	325.0	370.0	204.0	315.0	289.0	329.0	261.0	449.0	422.0	76.0	278.0	259.0	428.0	162.0	319.0	366.0	28.0	404.0	246.0	407.0	65.0	396.0	397.0	482.0	318.0	295.0	181.0	197.0	401.0	265.0	280.0	153.0	88.0	396.0	211.0	254.0	141.0	396.0	435.0	260.0	23.0	272.0	175.0	194.0	346.0	488.0	139.0	149.0	448.0
Gene27	102.0	385.0	402.0	239.0	462.0	182.0	325.0	465.0	411.0	396.0	306.0	320.0	424.0	141.0	188.0	177.0	197.0	437.0	429.0	383.0	228.0	348.0	260.0	195.0	291.0	379.0	418.0	402.0	345.0	308.0	222.0	103.0	371.0	311.0	312.0	288.0	115.0	212.0	392.0	180.0	205.0	285.0	212.0	447.0	357.0	338.0	220.0	394.0	122.0	132.0	360.0	254.0	291.0	181.0	336.0	357.0	365.0	183.0	398.0	395.0	36.0	317.0	290.0	369.0	202.0	352.0	400.0	75.0	373.0	158.0	392.0	79.0	441.0	339.0	435.0	347.0	259.0	162.0	216.0	476.0	304.0	307.0	105.0	107.0	264.0	135.0	168.0	82.0	320.0	489.0	323.0	49.0	140.0	156.0	306.0	352.0	426.0	77.0	97.0	472.0
Gene28	20.0	400.0	460.0	183.0	421.0	137.0	346.0	349.0	336.0	366.0	242.0	223.0	394.0	84.0	220.0	158.0	85.0	372.0	399.0	352.0	256.0	398.0	219.0	162.0	314.0	447.0	438.0	458.0	295.0	272.0	298.0	110.0	406.0	279.0	299.0	351.0	157.0	131.0	463.0	69.0	107.0	347.0	225.0	438.0	379.0	357.0	229.0	412.0	101.0	78.0	349.0	280.0	349.0	258.0	321.0	372.0	304.0	279.0	415.0	315.0	37.0	358.0	273.0	453.0	166.0	397.0	365.0	97.0	471.0	158.0	357.0	63.0	421.0	367.0	357.0	350.0	261.0	195.0	186.0	490.0	394.0	201.0	124.0	223.0	290.0	181.0	236.0	116.0	327.0	410.0	319.0	123.0	172.0	106.0	320.0	286.0	424.0	130.0	118.0	468.0
Gene29	135.0	418.0	402.0	205.0	501.0	184.0	361.0	352.0	380.0	357.0	248.0	282.0	348.0	91.0	227.0	167.0	84.0	366.0	431.0	379.0	228.0	334.0	187.0	153.0	355.0	488.0	433.0	390.0	363.0	365.0	331.0	206.0	352.0	359.0	314.0	305.0	146.0	140.0	422.0	143.0	104.0	261.0	155.0	500.0	313.0	266.0	220.0	320.0	10.0	127.0	311.0	326.0	257.0	255.0	334.0	317.0	250.0	275.0	437.0	421.0	138.0	392.0	245.0	332.0	153.0	428.0	369.0	8.0	366.0	254.0	441.0	97.0	415.0	458.0	428.0	356.0	218.0	207.0	234.0	495.0	288.0	217.0	138.0	103.0	333.0	78.0	236.0	83.0	393.0	417.0	254.0	154.0	262.0	50.0	268.0	331.0	411.0	127.0	140.0	369.0
Gene30	112.0	474.0	409.0	191.0	455.0	195.0	327.0	470.0	406.0	377.0	381.0	338.0	396.0	196.0	166.0	226.0	100.0	455.0	344.0	238.0	197.0	454.0	258.0	161.0	316.0	458.0	397.0	400.0	340.0	292.0	253.0	132.0	341.0	301.0	322.0	348.0	154.0	238.0	484.0	187.0	138.0	328.0	204.0	415.0	276.0	267.0	158.0	329.0	107.0	178.0	221.0	341.0	228.0	176.0	303.0	344.0	240.0	322.0	394.0	349.0	158.0	302.0	178.0	395.0	147.0	378.0	393.0	120.0	447.0	127.0	429.0	107.0	321.0	339.0	436.0	348.0	251.0	91.0	146.0	431.0	296.0	265.0	144.0	132.0	350.0	141.0	197.0	53.0	332.0	489.0	260.0	42.0	151.0	187.0	272.0	317.0	443.0	177.0	124.0	403.0
Gene31	143.0	460.0	444.0	163.0	398.0	216.0	389.0	373.0	386.0	387.0	356.0	355.0	356.0	90.0	243.0	280.0	164.0	479.0	425.0	255.0	249.0	338.0	165.0	190.0	272.0	481.0	391.0	387.0	307.0	318.0	292.0	95.0	319.0	381.0	331.0	272.0	105.0	214.0	378.0	100.0	138.0	284.0	137.0	431.0	321.0	284.0	182.0	363.0	150.0	221.0	322.0	331.0	282.0	249.0	291.0	314.0	381.0	211.0	433.0	308.0	79.0	289.0	288.0	323.0	195.0	434.0	372.0	123.0	398.0	246.0	357.0	180.0	401.0	397.0	398.0	280.0	260.0	92.0	131.0	411.0	334.0	222.0	72.0	208.0	266.0	81.0	156.0	51.0	412.0	493.0	227.0	99.0	237.0	147.0	216.0	266.0	384.0	181.0	153.0	423.0
Gene32	23.0	476.0	355.0	182.0	394.0	153.0	410.0	376.0	371.0	430.0	363.0	218.0	433.0	188.0	233.0	238.0	218.0	505.0	346.0	382.0	243.0	451.0	221.0	213.0	285.0	479.0	394.0	483.0	372.0	287.0	228.0	144.0	348.0	312.0	329.0	382.0	64.0	154.0	496.0	138.0	92.0	346.0	165.0	495.0	329.0	252.0	150.0	410.0	134.0	82.0	289.0	320.0	231.0	223.0	238.0	390.0	318.0	309.0	404.0	322.0	90.0	295.0	252.0	437.0	186.0	422.0	396.0	70.0	414.0	159.0	423.0	153.0	321.0	324.0	399.0	333.0	178.0	188.0	183.0	360.0	339.0	228.0	88.0	122.0	264.0	95.0	172.0	153.0	367.0	397.0	334.0	15.0	212.0	62.0	299.0	318.0	465.0	135.0	116.0	374.0
Gene33	51.0	386.0	456.0	138.0	403.0	137.0	359.0	414.0	333.0	383.0	345.0	348.0	451.0	84.0	98.0	176.0	81.0	487.0	437.0	278.0	199.0	313.0	234.0	193.0	321.0	456.0	460.0	479.0	358.0	260.0	307.0	231.0	365.0	285.0	331.0	335.0	130.0	243.0	497.0	127.0	144.0	260.0	209.0	465.0	396.0	240.0	214.0	371.0	56.0	180.0	331.0	291.0	360.0	246.0	330.0	375.0	301.0	312.0	456.0	296.0	159.0	285.0	178.0	356.0	198.0	339.0	382.0	68.0	424.0	219.0	457.0	122.0	375.0	333.0	374.0	373.0	251.0	136.0	131.0	477.0	290.0	273.0	135.0	102.0	322.0	103.0	207.0	163.0	426.0	375.0	245.0	160.0	269.0	181.0	319.0	371.0	376.0	140.0	209.0	410.0
Gene34	161.0	411.0	419.0	130.0	518.0	163.0	426.0	393.0	441.0	467.0	365.0	289.0	362.0	107.0	201.0	240.0	218.0	490.0	404.0	250.0	205.0	447.0	245.0	171.0	279.0	391.0	350.0	486.0	315.0	338.0	210.0	97.0	370.0	301.0	279.0	279.0	102.0	117.0	463.0	176.0	202.0	297.0	190.0	432.0	273.0	352.0	156.0	401.0	31.0	137.0	255.0	351.0	264.0	299.0	245.0	290.0	242.0	216.0	450.0	297.0	147.0	276.0	302.0	354.0	197.0	404.0	349.0	74.0	404.0	160.0	403.0	57.0	460.0	321.0	424.0	388.0	206.0	189.0	184.0	388.0	392.0	201.0	139.0	193.0	284.0	181.0	157.0	131.0	456.0	447.0	310.0	144.0	123.0	121.0	235.0	237.0	513.0	90.0	122.0	414.0
Gene35	49.0	395.0	364.0	214.0	380.0	195.0	350.0	424.0	357.0	435.0	331.0	281.0	316.0	161.0	171.0	234.0	143.0	508.0	415.0	321.0	293.0	363.0	264.0	180.0	279.0	480.0	433.0	427.0	284.0	338.0	214.0	145.0	338.0	370.0	353.0	396.0	81.0	176.0	509.0	184.0	145.0	289.0	192.0	420.0	331.0	314.0	220.0	399.0	103.0	78.0	300.0	255.0	278.0	304.0	258.0	311.0	340.0	233.0	391.0	286.0	54.0	388.0	249.0	432.0	105.0	330.0	439.0	123.0	380.0	154.0	355.0	191.0	444.0	463.0	424.0	364.0	193.0	170.0	225.0	403.0	281.0	286.0	21.0	120.0	313.0	210.0	181.0	40.0	350.0	373.0	265.0	73.0	153.0	162.0	184.0	340.0	473.0	113.0	170.0	350.0
Gene36	66.0	349.0	459.0	188.0	419.0	202.0	337.0	451.0	406.0	455.0	255.0	360.0	433.0	112.0	213.0	228.0	133.0	456.0	313.0	307.0	211.0	308.0	167.0	201.0	345.0	509.0	323.0	438.0	387.0	265.0	356.0	142.0	387.0	371.0	303.0	347.0	92.0	201.0	368.0	98.0	205.0	221.0	238.0	378.0	269.0	375.0	139.0	314.0	61.0	101.0	261.0	290.0	275.0	262.0	252.0	247.0	309.0	176.0	332.0	310.0	125.0	386.0	176.0	459.0	197.0	343.0	331.0	129.0	404.0	232.0	393.0	194.0	406.0	443.0	472.0	243.0	192.0	91.0	229.0	352.0	298.0	159.0	101.0	165.0	303.0	139.0	250.0	87.0	380.0	378.0	208.0	103.0	254.0	104.0	184.0	372.0	461.0	146.0	158.0	473.0
Gene37	128.0	351.0	354.0	129.0	395.0	147.0	320.0	479.0	402.0	381.0	337.0	363.0	325.0	121.0	164.0	277.0	158.0	462.0	390.0	254.0	228.0	385.0	132.0	170.0	305.0	369.0	373.0	432.0	286.0	374.0	302.0	150.0	371.0	302.0	302.0	347.0	148.0	159.0	379.0	187.0	200.0	294.0	177.0	419.0	383.0	375.0	181.0	310.0	27.0	124.0	260.0	277.0	290.0	223.0	256.0	294.0	376.0	192.0	408.0	322.0	41.0	404.0	177.0	334.0	107.0	357.0	447.0	28.0	373.0	126.0	353.0	135.0	387.0	363.0	493.0	262.0	201.0	166.0	136.0	396.0	331.0	187.0	87.0	221.0	298.0	98.0	194.0	150.0	414.0	424.0	267.0	71.0	208.0	105.0	259.0	360.0	503.0	59.0	142.0	416.0
Gene38	92.0	434.0	444.0	239.0	484.0	165.0	391.0	366.0	432.0	459.0	277.0	352.0	450.0	167.0	175.0	254.0	105.0	507.0	432.0	261.0	230.0	391.0	156.0	206.0	382.0	391.0	384.0	485.0	347.0	246.0	331.0	200.0	371.0	257.0	286.0	379.0	73.0	212.0	462.0	122.0	119.0	249.0	234.0	505.0	274.0	259.0	235.0	381.0	138.0	216.0	307.0	392.0	257.0	186.0	214.0	360.0	298.0	217.0	333.0	426.0	101.0	335.0	208.0	434.0	180.0	378.0	409.0	109.0	377.0	118.0	397.0	56.0	369.0	368.0	451.0	358.0	230.0	114.0	248.0	465.0	330.0	273.0	114.0	106.0	396.0	72.0	212.0	88.0	342.0	405.0	261.0	45.0	205.0	65.0	246.0	225.0	483.0	77.0	112.0	455.0
Gene39	90.0	443.0	322.0	240.0	446.0	169.0	415.0	408.0	389.0	500.0	374.0	355.0	394.0	84.0	139.0	279.0	145.0	382.0	389.0	327.0	245.0	308.0	167.0	171.0	279.0	421.0	394.0	437.0	327.0	263.0	296.0	135.0	379.0	282.0	343.0	320.0	83.0	102.0	475.0	53.0	227.0	290.0	229.0	376.0	262.0	288.0	158.0	407.0	24.0	213.0	361.0	329.0	356.0	231.0	338.0	326.0	303.0	194.0	397.0	323.0	66.0	321.0	184.0	335.0	104.0	320.0	448.0	122.0	457.0	133.0	343.0	98.0	393.0	374.0	439.0	250.0	302.0	125.0	216.0	354.0	267.0	200.0	40.0	171.0	394.0	137.0	211.0	126.0	451.0	374.0	320.0	141.0	218.0	102.0	254.0	230.0	401.0	118.0	173.0	472.0
Gene40	131.0	467.0	455.0	186.0	469.0	171.0	311.0	439.0	456.0	402.0	288.0	226.0	385.0	159.0	245.0	207.0	135.0	376.0	349.0	263.0	331.0	411.0	225.0	164.0	288.0	373.0	404.0	493.0	340.0	238.0	273.0	167.0	398.0	332.0	382.0	267.0	96.0	137.0	414.0	96.0	165.0	275.0	211.0	502.0	352.0	337.0	112.0	386.0	143.0	158.0	342.0	360.0	284.0	259.0	202.0	373.0	277.0	201.0	458.0	348.0	50.0	324.0	172.0	457.0	220.0	388.0	440.0	140.0	434.0	206.0	430.0	135.0	462.0	382.0	377.0	334.0	312.0	168.0	154.0	469.0	378.0	228.0	45.0	153.0	303.0	176.0	197.0	87.0	403.0	374.0	234.0	155.0	155.0	176.0	315.0	345.0	486.0	114.0	207.0	367.0
Gene41	82.0	369.0	425.0	200.0	508.0	214.0	329.0	384.0	363.0	383.0	307.0	265.0	361.0	121.0	122.0	164.0	181.0	376.0	442.0	346.0	326.0	373.0	196.0	241.0	355.0	481.0	363.0	497.0	317.0	300.0	253.0	135.0	422.0	367.0	314.0	339.0	123.0	178.0	500.0	187.0	169.0	244.0	257.0	419.0	361.0	231.0	140.0	280.0	32.0	133.0	236.0	255.0	245.0	164.0	310.0	312.0	327.0	179.0	463.0	422.0	89.0	410.0	256.0	404.0	131.0	351.0	414.0	60.0	326.0	238.0	340.0	100.0	364.0	457.0	463.0	332.0	268.0	158.0	242.0	355.0	324.0	222.0	77.0	200.0	394.0	190.0	195.0	154.0	394.0	446.0	346.0	109.0	125.0	185.0	192.0	267.0	448.0	40.0	118.0	446.0
Gene42	16.0	370.0	320.0	128.0	507.0	230.0	313.0	390.0	473.0	396.0	262.0	241.0	340.0	84.0	127.0	214.0	139.0	446.0	381.0	249.0	318.0	367.0	278.0	140.0	338.0	422.0	338.0	359.0	347.0	305.0	282.0	217.0	354.0	267.0	293.0	382.0	134.0	170.0	401.0	71.0	105.0	365.0	147.0	447.0	345.0	373.0	165.0	403.0	107.0	167.0	330.0	290.0	237.0	279.0	327.0	273.0	326.0	253.0	451.0	373.0	99.0	371.0	240.0	388.0	146.0	424.0	365.0	128.0	380.0	252.0	373.0	116.0	368.0	323.0	366.0	368.0	280.0	172.0	111.0	419.0	399.0	283.0	166.0	197.0	290.0	73.0	174.0	107.0	315.0	399.0	228.0	129.0	223.0	55.0	306.0	374.0	384.0	71.0	160.0	352.0
Gene43	141.0	392.0	409.0	240.0	431.0	152.0	363.0	441.0	371.0	423.0	322.0	266.0	429.0	82.0	197.0	188.0	203.0	368.0	310.0	277.0	228.0	455.0	162.0	217.0	306.0	475.0	403.0	481.0	248.0	320.0	264.0	192.0	302.0	301.0	404.0	387.0	19.0	224.0	448.0	170.0	198.0	299.0	265.0	450.0	303.0	303.0	120.0	357.0	106.0	147.0	249.0	377.0	222.0	204.0	241.0	349.0	304.0	189.0	361.0	357.0	54.0	304.0	195.0	343.0	161.0	306.0	334.0	33.0	449.0	254.0	354.0	101.0	439.0	383.0	381.0	285.0	197.0	167.0	106.0	460.0	330.0	193.0	59.0	174.0	341.0	199.0	204.0	92.0	426.0	441.0	256.0	93.0	137.0	68.0	179.0	357.0	374.0	145.0	113.0	361.0
Gene44	50.0	435.0	447.0	184.0	441.0	121.0	392.0	421.0	406.0	404.0	318.0	355.0	416.0	143.0	234.0	270.0	106.0	389.0	330.0	270.0	281.0	341.0	180.0	93.0	310.0	513.0	452.0	441.0	248.0	355.0	232.0	230.0	354.0	366.0	330.0	317.0	51.0	230.0	486.0	162.0	179.0	339.0	271.0	434.0	380.0	344.0	190.0	311.0	111.0	160.0	237.0	398.0	370.0	180.0	326.0	344.0	331.0	185.0	353.0	331.0	44.0	407.0	179.0	418.0	123.0	432.0	369.0	115.0	366.0	162.0	333.0	96.0	349.0	357.0	434.0	388.0	279.0	155.0	199.0	493.0	293.0	300.0	55.0	217.0	392.0	104.0	273.0	56.0	355.0	388.0	236.0	138.0	256.0	98.0	285.0	279.0	431.0	115.0	123.0	484.0
Gene45	24.0	447.0	375.0	171.0	474.0	186.0	313.0	376.0	457.0	475.0	348.0	224.0	341.0	153.0	222.0	180.0	199.0	420.0	444.0	265.0	259.0	389.0	234.0	239.0	264.0	512.0	429.0	432.0	338.0	333.0	349.0	106.0	330.0	373.0	277.0	261.0	91.0	107.0	421.0	107.0	156.0	308.0	162.0	473.0	288.0	263.0	194.0	317.0	99.0	119.0	275.0	270.0	233.0	281.0	291.0	243.0	345.0	248.0	405.0	333.0	183.0	374.0	225.0	338.0	163.0	443.0	327.0	8.0	411.0	233.0	396.0	137.0	354.0	361.0	487.0	341.0	283.0	116.0	113.0	431.0	282.0	291.0	135.0	211.0	378.0	150.0	177.0	63.0	318.0	483.0	259.0	17.0	152.0	173.0	190.0	344.0	392.0	119.0	162.0	453.0
Gene46	26.0	382.0	354.0	121.0	424.0	88.0	310.0	373.0	421.0	395.0	266.0	280.0	393.0	202.0	182.0	183.0	100.0	489.0	351.0	341.0	278.0	418.0	271.0	225.0	396.0	412.0	428.0	367.0	253.0	260.0	312.0	158.0	365.0	329.0	301.0	268.0	63.0	222.0	387.0	196.0	172.0	299.0	206.0	406.0	280.0	362.0	115.0	368.0	32.0	135.0	234.0	342.0	241.0	209.0	266.0	358.0	258.0	184.0	411.0	409.0	177.0	376.0	186.0	324.0	152.0	359.0	365.0	116.0	376.0	243.0	464.0	150.0	428.0	380.0	428.0	264.0	180.0	161.0	116.0	473.0	355.0	169.0	33.0	91.0	285.0	87.0	267.0	172.0	341.0	414.0	219.0	66.0	145.0	183.0	265.0	247.0	489.0	94.0	218.0	455.0
Gene47	38.0	490.0	398.0	228.0	473.0	132.0	367.0	422.0	467.0	370.0	256.0	366.0	344.0	99.0	186.0	288.0	131.0	360.0	427.0	344.0	245.0	373.0	139.0	206.0	351.0	433.0	413.0	465.0	306.0	371.0	334.0	139.0	428.0	321.0	288.0	299.0	83.0	159.0	399.0	158.0	130.0	246.0	175.0	370.0	265.0	326.0	167.0	368.0	87.0	214.0	353.0	344.0	280.0	273.0	292.0	319.0	265.0	215.0	374.0	427.0	109.0	273.0	293.0	351.0	110.0	366.0	443.0	71.0	348.0	197.0	429.0	185.0	370.0	438.0	419.0	317.0	227.0	231.0	207.0	455.0	362.0	253.0	133.0	91.0	291.0	137.0	135.0	95.0	395.0	407.0	311.0	133.0	154.0	167.0	291.0	314.0	401.0	170.0	161.0	461.0
Gene48	44.0	447.0	342.0	210.0	433.0	218.0	316.0	374.0	339.0	411.0	291.0	331.0	434.0	157.0	228.0	267.0	192.0	450.0	403.0	259.0	237.0	390.0	247.0	104.0	402.0	388.0	415.0	400.0	303.0	288.0	354.0	187.0	424.0	250.0	336.0	272.0	100.0	206.0	445.0	99.0	184.0	360.0	267.0	394.0	296.0	336.0	238.0	288.0	146.0	155.0	282.0	368.0	363.0	226.0	277.0	336.0	371.0	214.0	347.0	321.0	78.0	282.0	234.0	351.0	143.0	447.0	347.0	34.0	469.0	145.0	405.0	130.0	324.0	339.0	454.0	283.0	199.0	120.0	173.0	473.0	284.0	240.0	74.0	167.0	271.0	145.0	131.0	45.0	371.0	460.0	235.0	44.0	128.0	137.0	213.0	362.0	421.0	43.0	172.0	498.0
Gene49	72.0	344.0	360.0	242.0	439.0	137.0	450.0	417.0	380.0	489.0	246.0	353.0	427.0	135.0	137.0	225.0	92.0	364.0	348.0	316.0	230.0	414.0	151.0	131.0	392.0	462.0	435.0	447.0	277.0	242.0	353.0	241.0	355.0	274.0	286.0	350.0	132.0	159.0	376.0	150.0	232.0	263.0	138.0	450.0	338.0	286.0	214.0	305.0	82.0	211.0	358.0	307.0	362.0	180.0	304.0	375.0	375.0	246.0	339.0	429.0	101.0	371.0	170.0	350.0	158.0	431.0	453.0	133.0	423.0	242.0	423.0	176.0	394.0	345.0	439.0	338.0	319.0	98.0	224.0	474.0	398.0	259.0	127.0	76.0	331.0	105.0	248.0	92.0	415.0	380.0	209.0	74.0	215.0	93.0	245.0	371.0	396.0	164.0	102.0	446.0
Gene50	32.0	355.0	364.0	207.0	482.0	186.0	336.0	422.0	366.0	370.0	305.0	222.0	370.0	67.0	180.0	296.0	160.0	493.0	335.0	275.0	258.0	314.0	151.0	135.0	355.0	463.0	395.0	475.0	277.0	279.0	323.0	239.0	314.0	245.0	400.0	320.0	69.0	167.0	449.0	186.0	130.0	227.0	266.0	392.0	274.0	236.0	188.0	287.0	105.0	154.0	313.0	333.0	352.0	209.0	204.0	350.0	364.0	263.0	401.0	382.0	175.0	301.0	269.0	350.0	133.0	310.0	432.0	108.0	347.0	127.0	438.0	51.0	450.0	442.0	446.0	331.0	327.0	134.0	121.0	463.0	257.0	261.0	46.0	186.0	386.0	191.0	202.0	118.0	363.0	394.0	349.0	113.0	166.0	109.0	282.0	281.0	482.0	154.0	150.0	445.0
TF2	403.0	99.0	354.0	321.0	330.0	480.0	225.0	400.0	467.0	109.0	111.0	276.0	494.0	86.0	397.0	414.0	478.0	230.0	22.0	182.0	197.0	142.0	180.0	156.0	85.0	37.0	95.0	27.0	418.0	383.0	62.0	92.0	166.0	3.0	377.0	371.0	60.0	42.0	250.0	333.0	219.0	179.0	471.0	31.0	415.0	495.0	172.0	90.0	442.0	344.0	345.0	223.0	37.0	166.0	442.0	168.0	32.0	91.0	215.0	70.0	205.0	464.0	251.0	400.0	308.0	95.0	444.0	453.0	329.0	191.0	311.0	42.0	396.0	445.0	187.0	69.0	310.0	199.0	187.0	495.0	352.0	330.0	276.0	85.0	20.0	215.0	326.0	424.0	139.0	131.0	335.0	8.0	115.0	302.0	328.0	28.0	224.0	296.0	412.0	173.0
Gene52	257.0	502.0	377.0	317.0	280.0	184.0	326.0	276.0	221.0	505.0	485.0	306.0	249.0	524.0	246.0	246.0	244.0	437.0	577.0	450.0	466.0	506.0	472.0	458.0	501.0	598.0	433.0	492.0	260.0	264.0	546.0	573.0	437.0	620.0	310.0	289.0	537.0	500.0	453.0	289.0	357.0	454.0	221.0	597.0	217.0	240.0	399.0	516.0	229.0	346.0	331.0	432.0	511.0	518.0	283.0	499.0	526.0	440.0	478.0	573.0	393.0	236.0	317.0	236.0	393.0	532.0	189.0	280.0	300.0	356.0	292.0	556.0	312.0	296.0	436.0	575.0	398.0	390.0	457.0	230.0	261.0	317.0	324.0	435.0	506.0	464.0	262.0	273.0	435.0	463.0	375.0	638.0	555.0	299.0	300.0	614.0	346.0	297.0	313.0	392.0
Gene53	225.0	512.0	267.0	390.0	320.0	267.0	412.0	343.0	275.0	486.0	550.0	413.0	178.0	472.0	314.0	278.0	167.0	447.0	540.0	410.0	367.0	507.0	422.0	421.0	490.0	486.0	494.0	541.0	235.0	294.0	514.0	546.0	485.0	522.0	296.0	312.0	532.0	585.0	370.0	389.0	416.0	385.0	245.0	502.0	294.0	219.0	386.0	456.0	291.0	241.0	301.0	393.0	528.0	381.0	277.0	394.0	525.0	490.0	444.0	553.0	403.0	169.0	356.0	271.0	361.0	540.0	187.0	206.0	275.0	427.0	322.0	530.0	248.0	176.0	495.0	487.0	382.0	444.0	359.0	210.0	244.0	352.0	418.0	555.0	490.0	482.0	327.0	310.0	526.0	472.0	325.0	538.0	454.0	285.0	289.0	565.0	372.0	408.0	273.0	417.0
Gene54	218.0	449.0	372.0	278.0	381.0	160.0	375.0	344.0	201.0	455.0	522.0	418.0	206.0	517.0	332.0	273.0	232.0	461.0	529.0	372.0	474.0	477.0	428.0	471.0	528.0	478.0	533.0	532.0	204.0	342.0	529.0	535.0	426.0	526.0	241.0	359.0	533.0	498.0	318.0	338.0	455.0	374.0	205.0	578.0	303.0	245.0	479.0	536.0	249.0	341.0	266.0	405.0	529.0	493.0	302.0	484.0	547.0	556.0	369.0	455.0	459.0	161.0	430.0	198.0	331.0	516.0	173.0	220.0	357.0	413.0	383.0	517.0	209.0	268.0	447.0	477.0	386.0	377.0	408.0	155.0	347.0	359.0	427.0	470.0	540.0	417.0	318.0	312.0	502.0	504.0	369.0	636.0	433.0	271.0	298.0	549.0	375.0	398.0	255.0	461.0
Gene55	205.0	484.0	339.0	367.0	351.0	235.0	463.0	258.0	224.0	477.0	423.0	401.0	179.0	537.0	213.0	266.0	207.0	419.0	579.0	488.0	390.0	463.0	432.0	448.0	464.0	494.0	431.0	491.0	248.0	317.0	546.0	459.0	431.0	568.0	306.0	245.0	460.0	522.0	427.0	309.0	345.0	473.0	252.0	537.0	187.0	193.0	501.0	527.0	186.0	383.0	284.0	382.0	561.0	501.0	167.0	483.0	480.0	457.0	447.0	569.0	355.0	257.0	441.0	223.0	303.0	505.0	197.0	225.0	262.0	478.0	307.0	529.0	221.0	217.0	465.0	579.0	311.0	457.0	388.0	176.0	325.0	304.0	382.0	553.0	542.0	469.0	282.0	238.0	427.0	510.0	369.0	614.0	450.0	416.0	301.0	511.0	418.0	335.0	220.0	456.0
Gene56	228.0	507.0	236.0	391.0	301.0	151.0	345.0	206.0	159.0	504.0	439.0	376.0	184.0	436.0	341.0	264.0	264.0	381.0	581.0	388.0	416.0	532.0	509.0	412.0	452.0	505.0	497.0	525.0	192.0	313.0	511.0	439.0	385.0	574.0	221.0	219.0	510.0	479.0	357.0	261.0	370.0	483.0	158.0	615.0	228.0	237.0	499.0	442.0	306.0	370.0	348.0	471.0	517.0	496.0	280.0	480.0	566.0	526.0	419.0	591.0	365.0	269.0	307.0	208.0	305.0	495.0	179.0	167.0	309.0	471.0	270.0	544.0	230.0	252.0	484.0	450.0	356.0	491.0	363.0	186.0	351.0	269.0	305.0	438.0	515.0	333.0	281.0	314.0	488.0	448.0	329.0	561.0	547.0	331.0	332.0	506.0	344.0	341.0	290.0	392.0
Gene57	237.0	499.0	313.0	279.0	337.0	265.0	416.0	313.0	195.0	431.0	541.0	369.0	158.0	563.0	205.0	233.0	278.0	347.0	619.0	422.0	357.0	436.0	407.0	393.0	566.0	539.0	552.0	585.0	290.0	270.0	588.0	464.0	411.0	521.0	300.0	350.0	571.0	568.0	446.0	303.0	447.0	394.0	288.0	564.0	238.0	128.0	511.0	477.0	193.0	358.0	309.0	364.0	470.0	519.0	304.0	484.0	481.0	489.0	336.0	580.0	431.0	252.0	322.0	231.0	375.0	432.0	217.0	183.0	334.0	400.0	339.0	549.0	244.0	218.0	443.0	549.0	305.0	490.0	489.0	257.0	378.0	311.0	378.0	505.0	561.0	337.0	258.0	239.0	426.0	430.0	305.0	606.0	481.0	289.0	332.0	606.0	339.0	393.0	245.0	500.0
Gene58	323.0	528.0	230.0	322.0	247.0	209.0	444.0	254.0	178.0	514.0	453.0	314.0	270.0	561.0	290.0	319.0	210.0	401.0	558.0	495.0	443.0	478.0	398.0	429.0	538.0	553.0	560.0	605.0	195.0	247.0	548.0	513.0	451.0	533.0	235.0	344.0	535.0	520.0	382.0	333.0	366.0	404.0	173.0	598.0	315.0	209.0	488.0	473.0	277.0	294.0	243.0	374.0	560.0	436.0	304.0	487.0	533.0	467.0	431.0	480.0	393.0	230.0	437.0	294.0	322.0	557.0	185.0	166.0	293.0	438.0	312.0	585.0	267.0	278.0	416.0	545.0	306.0	346.0	372.0	185.0	368.0	343.0	345.0	535.0	612.0	471.0	277.0	253.0	538.0	400.0	306.0	508.0	503.0	402.0	261.0	490.0	399.0	371.0	319.0	415.0
Gene59	196.0	464.0	252.0	257.0	281.0	275.0	372.0	341.0	153.0	427.0	462.0	331.0	152.0	559.0	291.0	257.0	232.0	359.0	509.0	469.0	402.0	474.0	442.0	459.0	568.0	578.0	570.0	558.0	298.0	271.0	536.0	565.0	414.0	497.0	338.0	301.0	516.0	585.0	448.0	269.0	441.0	369.0	194.0	492.0	215.0	214.0	420.0	527.0	299.0	386.0	364.0	370.0	477.0	422.0	229.0	372.0	517.0	553.0	453.0	472.0	483.0	172.0	380.0	255.0	270.0	530.0	222.0	162.0	355.0	409.0	293.0	543.0	307.0	218.0	405.0	460.0	362.0	457.0	359.0	195.0	379.0	369.0	399.0	541.0	611.0	361.0	352.0	203.0	461.0	418.0	275.0	619.0	466.0	348.0	309.0	568.0	395.0	309.0	198.0	405.0
Gene60	289.0	481.0	246.0	295.0	347.0	270.0	408.0	264.0	274.0	500.0	537.0	408.0	144.0	573.0	210.0	273.0	165.0	328.0	515.0	388.0	496.0	424.0	404.0	386.0	547.0	550.0	543.0	500.0	242.0	325.0	589.0	539.0	509.0	612.0	299.0	270.0	526.0	487.0	423.0	283.0	382.0	402.0	246.0	528.0	294.0	243.0	426.0	535.0	304.0	377.0	263.0	383.0	542.0	371.0	182.0	395.0	551.0	564.0	441.0	589.0	405.0	263.0	438.0	279.0	309.0	429.0	265.0	188.0	296.0	387.0	397.0	552.0	284.0	278.0	467.0	496.0	322.0	454.0	416.0	126.0	323.0	258.0	340.0	503.0	590.0	459.0	360.0	311.0	537.0	525.0	346.0	573.0	510.0	335.0	360.0	595.0	395.0	282.0	194.0	451.0
Gene61	234.0	429.0	248.0	324.0	364.0	275.0	473.0	220.0	231.0	503.0	463.0	423.0	241.0	436.0	325.0	215.0	190.0	325.0	584.0	429.0	400.0	449.0	367.0	484.0	458.0	540.0	471.0	525.0	191.0	299.0	453.0	480.0	420.0	523.0	266.0	225.0	573.0	494.0	322.0	322.0	345.0	471.0	255.0	573.0	286.0	160.0	464.0	521.0	284.0	336.0	321.0	382.0	558.0	440.0	259.0	394.0	514.0	542.0	339.0	527.0	435.0	175.0	315.0	245.0	291.0	570.0	295.0	213.0	272.0	379.0	291.0	534.0	346.0	269.0	446.0	527.0	360.0	422.0	460.0	206.0	321.0	384.0	433.0	511.0	591.0	427.0	306.0	213.0	471.0	517.0	349.0	608.0	468.0	399.0	368.0	478.0	398.0	300.0	233.0	485.0
Gene62	305.0	441.0	321.0	300.0	316.0	262.0	375.0	302.0	220.0	543.0	441.0	314.0	225.0	481.0	234.0	238.0	230.0	360.0	558.0	495.0	480.0	427.0	485.0	493.0	471.0	529.0	564.0	519.0	203.0	298.0	592.0	512.0	506.0	513.0	257.0	330.0	585.0	598.0	363.0	375.0	418.0	386.0	221.0	567.0	234.0	224.0	369.0	530.0	265.0	244.0	385.0	343.0	511.0	443.0	266.0	399.0	607.0	448.0	440.0	481.0	364.0	271.0	316.0	309.0	334.0	525.0	181.0	242.0	277.0	478.0	311.0	506.0	346.0	227.0	425.0	455.0	331.0	350.0	424.0	261.0	329.0	289.0	388.0	529.0	490.0	336.0	346.0	302.0	534.0	512.0	380.0	535.0	438.0	353.0	373.0	609.0	438.0	410.0	280.0	367.0
Gene63	266.0	532.0	314.0	363.0	386.0	177.0	446.0	259.0	294.0	435.0	508.0	353.0	179.0	515.0	205.0	314.0	174.0	406.0	489.0	469.0	440.0	438.0	482.0	466.0	438.0	591.0	482.0	516.0	309.0	260.0	566.0	562.0	439.0	614.0	228.0	249.0	547.0	587.0	445.0	294.0	438.0	448.0	169.0	605.0	262.0	246.0	377.0	490.0	248.0	385.0	327.0	464.0	583.0	373.0	244.0	463.0	604.0	561.0	440.0	570.0	478.0	162.0	422.0	334.0	266.0	481.0	187.0	198.0	318.0	355.0	336.0	579.0	202.0	250.0	411.0	523.0	364.0	439.0	414.0	226.0	285.0	315.0	397.0	463.0	542.0	336.0	340.0	292.0	478.0	513.0	271.0	598.0	416.0	331.0	310.0	596.0	346.0	410.0	203.0	426.0
Gene64	316.0	554.0	289.0	394.0	323.0	223.0	342.0	256.0	233.0	459.0	498.0	388.0	174.0	536.0	205.0	208.0	258.0	411.0	576.0	487.0	371.0	537.0	419.0	509.0	490.0	552.0	475.0	612.0	327.0	226.0	525.0	522.0	404.0	601.0	227.0	307.0	576.0	599.0	408.0	371.0	434.0	364.0	210.0	546.0	236.0	165.0	423.0	566.0	254.0	250.0	238.0	465.0	570.0	502.0	265.0	451.0	583.0	489.0	445.0	567.0	401.0	169.0	347.0	242.0	274.0	450.0	186.0	244.0	261.0	486.0	390.0	565.0	337.0	241.0	366.0	565.0	345.0	383.0	426.0	183.0	297.0	281.0	423.0	532.0	508.0	359.0	299.0	300.0	478.0	499.0	375.0	598.0	490.0	371.0	261.0	527.0	385.0	343.0	209.0	366.0
Gene65	204.0	553.0	309.0	394.0	275.0	238.0	397.0	206.0	206.0	535.0	436.0	364.0	233.0	575.0	206.0	248.0	142.0	349.0	538.0	499.0	455.0	519.0	421.0	436.0	545.0	495.0	441.0	479.0	255.0	319.0	535.0	450.0	518.0	555.0	220.0	276.0	542.0	535.0	387.0	385.0	430.0	435.0	185.0	562.0	307.0	266.0	408.0	541.0	167.0	289.0	301.0	436.0	482.0	520.0	207.0	429.0	594.0	443.0	436.0	458.0	434.0	276.0	373.0	200.0	271.0	471.0	199.0	219.0	315.0	372.0	349.0	509.0	228.0	260.0	392.0	540.0	358.0	440.0	374.0	178.0	292.0	313.0	388.0	531.0	505.0	377.0	288.0	259.0	392.0	499.0	255.0	633.0	534.0	288.0	288.0	596.0	410.0	394.0	320.0	371.0
Gene66	267.0	469.0	292.0	392.0	250.0	208.0	408.0	319.0	264.0	458.0	457.0	346.0	196.0	495.0	339.0	226.0	148.0	392.0	479.0	450.0	496.0	429.0	475.0	461.0	542.0	520.0	512.0	514.0	288.0	286.0	523.0	562.0	402.0	552.0	267.0	332.0	547.0	498.0	441.0	357.0	477.0	474.0	164.0	554.0	186.0	273.0	508.0	525.0	237.0	316.0	269.0	453.0	530.0	415.0	255.0	493.0	558.0	501.0	438.0	471.0	361.0	175.0	356.0	271.0	314.0	468.0	233.0	192.0	367.0	434.0	384.0	593.0	276.0	268.0	441.0	497.0	286.0	460.0	398.0	187.0	340.0	371.0	345.0	504.0	598.0	405.0	333.0	190.0	417.0	430.0	391.0	610.0	521.0	348.0	347.0	597.0	349.0	368.0	303.0	462.0
Gene67	305.0	523.0	368.0	283.0	308.0	273.0	374.0	275.0	210.0	465.0	503.0	326.0	175.0	579.0	341.0	225.0	273.0	427.0	613.0	428.0	370.0	451.0	505.0	380.0	499.0	519.0	546.0	553.0	221.0	223.0	538.0	510.0	403.0	533.0	327.0	220.0	456.0	509.0	357.0	375.0	448.0	510.0	283.0	588.0	242.0	188.0	410.0	567.0	183.0	325.0	379.0	454.0	615.0	457.0	266.0	439.0	565.0	431.0	398.0	489.0	470.0	294.0	365.0	213.0	282.0	441.0	165.0	280.0	316.0	420.0	282.0	465.0	202.0	308.0	405.0	503.0	368.0	345.0	423.0	197.0	379.0	267.0	366.0	433.0	526.0	388.0	399.0	285.0	516.0	451.0	287.0	528.0	523.0	305.0	305.0	588.0	469.0	356.0	330.0	444.0
Gene68	244.0	469.0	292.0	361.0	253.0	260.0	349.0	294.0	192.0	544.0	528.0	332.0	231.0	494.0	264.0	207.0	249.0	330.0	602.0	443.0	454.0	525.0	391.0	453.0	448.0	607.0	456.0	589.0	225.0	293.0	494.0	550.0	519.0	550.0	331.0	257.0	469.0	473.0	392.0	252.0	440.0	466.0	152.0	612.0	191.0	199.0	459.0	536.0	271.0	283.0	322.0	388.0	605.0	478.0	262.0	424.0	556.0	571.0	338.0	559.0	404.0	180.0	432.0	290.0	292.0	561.0	191.0	215.0	350.0	448.0	342.0	533.0	297.0	208.0	475.0	574.0	327.0	486.0	386.0	163.0	232.0	396.0	306.0	549.0	576.0	444.0	317.0	204.0	529.0	505.0	269.0	617.0	537.0	292.0	314.0	548.0	373.0	280.0	219.0	383.0
Gene69	329.0	506.0	285.0	373.0	308.0	222.0	456.0	266.0	150.0	425.0	426.0	418.0	269.0	567.0	333.0	316.0	255.0	442.0	503.0	502.0	389.0	529.0	428.0	524.0	513.0	517.0	439.0	548.0	199.0	323.0	487.0	560.0	516.0	493.0	233.0	312.0	456.0	584.0	322.0	291.0	353.0	405.0	219.0	509.0	219.0	224.0	506.0	439.0	166.0	241.0	275.0	394.0	522.0	477.0	244.0	400.0	561.0	479.0	360.0	477.0	431.0	277.0	418.0	216.0	380.0	444.0	191.0	282.0	380.0	414.0	350.0	605.0	343.0	258.0	475.0	448.0	391.0	369.0	431.0	164.0	271.0	300.0	422.0	564.0	577.0	422.0	386.0	219.0	529.0	454.0	290.0	556.0	469.0	290.0	285.0	495.0	380.0	303.0	316.0	374.0
Gene70	289.0	570.0	332.0	399.0	323.0	273.0	415.0	234.0	214.0	562.0	469.0	299.0	212.0	448.0	222.0	321.0	261.0	434.0	572.0	456.0	361.0	478.0	443.0	403.0	574.0	575.0	540.0	525.0	300.0	304.0	534.0	470.0	371.0	627.0	268.0	283.0	561.0	593.0	328.0	307.0	351.0	372.0	191.0	513.0	191.0	220.0	396.0	556.0	232.0	325.0	366.0	351.0	547.0	443.0	287.0	382.0	529.0	556.0	445.0	471.0	373.0	173.0	389.0	226.0	307.0	448.0	273.0	247.0	381.0	480.0	348.0	586.0	318.0	260.0	481.0	510.0	353.0	485.0	459.0	208.0	349.0	355.0	414.0	561.0	556.0	395.0	276.0	279.0	467.0	496.0	358.0	581.0	537.0	359.0	392.0	608.0	383.0	399.0	199.0	424.0
Gene71	323.0	455.0	274.0	347.0	282.0	201.0	472.0	259.0	222.0	456.0	432.0	289.0	228.0	541.0	315.0	254.0	253.0	356.0	584.0	438.0	453.0	496.0	405.0	524.0	462.0	580.0	568.0	548.0	278.0	272.0	589.0	546.0	476.0	542.0	347.0	238.0	540.0	527.0	379.0	372.0	374.0	431.0	142.0	608.0	267.0	202.0	419.0	485.0	283.0	382.0	352.0	378.0	592.0	430.0	256.0	376.0	476.0	501.0	398.0	460.0	382.0	186.0	325.0	342.0	370.0	474.0	291.0	216.0	324.0	390.0	348.0	485.0	246.0	303.0	481.0	590.0	396.0	369.0	415.0	261.0	322.0	336.0	402.0	514.0	595.0	446.0	256.0	211.0	443.0	486.0	319.0	491.0	522.0	307.0	346.0	588.0	338.0	353.0	287.0	469.0
Gene72	201.0	510.0	363.0	363.0	249.0	202.0	443.0	337.0	278.0	450.0	443.0	292.0	147.0	443.0	243.0	218.0	221.0	324.0	593.0	504.0	378.0	514.0	475.0	452.0	581.0	542.0	491.0	495.0	279.0	207.0	519.0	502.0	439.0	630.0	235.0	244.0	591.0	611.0	420.0	313.0	333.0	427.0	155.0	480.0	266.0	160.0	438.0	500.0	309.0	357.0	325.0	440.0	493.0	416.0	225.0	379.0	473.0	467.0	422.0	560.0	364.0	214.0	333.0	257.0	410.0	512.0	221.0	215.0	296.0	393.0	371.0	587.0	216.0	212.0	360.0	590.0	403.0	349.0	448.0	231.0	340.0	298.0	373.0	438.0	576.0	388.0	297.0	243.0	500.0	503.0	278.0	498.0	435.0	323.0	324.0	519.0	470.0	285.0	330.0	506.0
Gene73	208.0	521.0	283.0	366.0	250.0	233.0	442.0	296.0	270.0	428.0	428.0	403.0	221.0	495.0	197.0	291.0	202.0	360.0	486.0	387.0	382.0	446.0	431.0	394.0	434.0	605.0	561.0	513.0	329.0	343.0	488.0	493.0	486.0	501.0	347.0	355.0	536.0	517.0	351.0	295.0	407.0	439.0	261.0	587.0	236.0	175.0	406.0	429.0	226.0	315.0	373.0	472.0	535.0	423.0	239.0	423.0	612.0	484.0	424.0	570.0	436.0	195.0	431.0	334.0	377.0	432.0	168.0	267.0	347.0	427.0	406.0	561.0	233.0	252.0	373.0	581.0	284.0	410.0	394.0	150.0	370.0	366.0	399.0	555.0	614.0	467.0	303.0	211.0	500.0	407.0	373.0	509.0	538.0	294.0	251.0	477.0	429.0	395.0	231.0	383.0
Gene74	293.0	497.0	253.0	276.0	294.0	272.0	438.0	263.0	192.0	551.0	421.0	385.0	166.0	535.0	207.0	249.0	235.0	437.0	505.0	393.0	383.0	410.0	379.0	473.0	480.0	537.0	516.0	520.0	228.0	229.0	569.0	445.0	379.0	612.0	220.0	243.0	554.0	484.0	417.0	273.0	334.0	378.0	270.0	502.0	329.0	127.0	427.0	512.0	298.0	238.0	300.0	467.0	543.0	482.0	290.0	458.0	617.0	542.0	358.0	526.0	471.0	164.0	397.0	301.0	310.0	439.0	193.0	216.0	396.0	487.0	324.0	597.0	342.0	167.0	482.0	478.0	324.0	367.0	378.0	209.0	262.0	387.0	416.0	550.0	514.0	448.0	287.0	188.0	451.0	454.0	392.0	565.0	461.0	356.0	263.0	528.0	396.0	274.0	273.0	427.0
Gene75	336.0	537.0	288.0	310.0	323.0	258.0	398.0	279.0	283.0	430.0	517.0	329.0	219.0	514.0	199.0	210.0	154.0	355.0	539.0	385.0	462.0	400.0	493.0	510.0	544.0	573.0	434.0	560.0	289.0	318.0	541.0	514.0	431.0	522.0	249.0	361.0	539.0	483.0	449.0	258.0	470.0	493.0	218.0	619.0	190.0	246.0	391.0	534.0	233.0	283.0	285.0	406.0	586.0	469.0	216.0	482.0	520.0	557.0	361.0	456.0	458.0	190.0	372.0	298.0	378.0	539.0	260.0	266.0	277.0	423.0	410.0	595.0	346.0	246.0	488.0	522.0	384.0	457.0	501.0	234.0	349.0	312.0	339.0	548.0	546.0	357.0	377.0	196.0	469.0	491.0	346.0	525.0	419.0	341.0	376.0	488.0	373.0	318.0	216.0	385.0
Gene76	332.0	452.0	249.0	332.0	325.0	249.0	331.0	271.0	180.0	503.0	423.0	382.0	155.0	560.0	241.0	193.0	239.0	388.0	536.0	478.0	409.0	518.0	433.0	475.0	475.0	497.0	469.0	530.0	210.0	255.0	545.0	475.0	440.0	564.0	218.0	287.0	483.0	562.0	396.0	301.0	467.0	490.0	184.0	524.0	265.0	259.0	435.0	471.0	293.0	377.0	327.0	455.0	486.0	386.0	221.0	500.0	525.0	441.0	445.0	481.0	469.0	219.0	358.0	231.0	343.0	516.0	270.0	256.0	396.0	458.0	330.0	561.0	220.0	164.0	371.0	520.0	336.0	440.0	362.0	245.0	254.0	339.0	407.0	448.0	620.0	381.0	376.0	315.0	501.0	528.0	371.0	548.0	426.0	321.0	322.0	585.0	372.0	405.0	317.0	460.0
Gene77	301.0	518.0	264.0	353.0	322.0	216.0	405.0	316.0	211.0	514.0	555.0	419.0	224.0	449.0	332.0	202.0	252.0	342.0	520.0	359.0	369.0	455.0	489.0	471.0	479.0	594.0	521.0	560.0	202.0	349.0	530.0	452.0	392.0	593.0	288.0	282.0	540.0	467.0	370.0	365.0	393.0	458.0	259.0	571.0	216.0	132.0	367.0	442.0	231.0	254.0	323.0	476.0	535.0	499.0	266.0	456.0	550.0	570.0	406.0	478.0	420.0	209.0	446.0	245.0	376.0	508.0	190.0	224.0	321.0	477.0	338.0	535.0	306.0	295.0	364.0	536.0	296.0	420.0	476.0	174.0	360.0	294.0	301.0	454.0	514.0	418.0	365.0	262.0	500.0	497.0	249.0	559.0	445.0	280.0	347.0	551.0	391.0	416.0	232.0	461.0
Gene78	279.0	490.0	267.0	340.0	253.0	252.0	399.0	288.0	271.0	524.0	537.0	405.0	257.0	507.0	315.0	266.0	242.0	430.0	609.0	374.0	390.0	395.0	422.0	397.0	581.0	484.0	559.0	577.0	231.0	303.0	502.0	563.0	444.0	597.0	222.0	356.0	500.0	481.0	352.0	327.0	445.0	451.0	265.0	590.0	249.0	211.0	411.0	528.0	306.0	310.0	268.0	334.0	472.0	427.0	184.0	371.0	591.0	541.0	410.0	587.0	483.0	213.0	439.0	262.0	389.0	534.0	228.0	206.0	261.0	358.0	390.0	587.0	279.0	275.0	372.0	519.0	336.0	468.0	362.0	212.0	245.0	271.0	349.0	501.0	548.0	399.0	286.0	193.0	420.0	517.0	318.0	630.0	458.0	356.0	340.0	552.0	451.0	276.0	250.0	366.0
Gene79	209.0	565.0	317.0	297.0	305.0	257.0	428.0	274.0	249.0	526.0	517.0	317.0	167.0	571.0	209.0	333.0	266.0	343.0	552.0	374.0	377.0	500.0	449.0	414.0	544.0	584.0	471.0	492.0	257.0	301.0	581.0	442.0	392.0	521.0	267.0	267.0	514.0	532.0	360.0	361.0	434.0	375.0	195.0	504.0	263.0	136.0	414.0	531.0	273.0	318.0	318.0	442.0	569.0	381.0	212.0	486.0	620.0	571.0	477.0	524.0	439.0	217.0	307.0	229.0	293.0	474.0	200.0	189.0	327.0	480.0	300.0	551.0	293.0	240.0	459.0	459.0	314.0	381.0	459.0	163.0	311.0	361.0	436.0	531.0	482.0	397.0	349.0	216.0	407.0	442.0	247.0	562.0	459.0	343.0	303.0	498.0	339.0	332.0	319.0	472.0
Gene80	215.0	486.0	283.0	286.0	311.0	208.0	360.0	251.0	222.0	508.0	498.0	386.0	244.0	504.0	335.0	214.0	280.0	324.0	549.0	478.0	456.0	466.0	423.0	393.0	472.0	517.0	562.0	559.0	237.0	324.0	518.0	496.0	390.0	641.0	220.0	325.0	474.0	478.0	440.0	342.0	370.0	373.0	239.0	605.0	330.0	125.0	407.0	573.0	215.0	328.0	347.0	397.0	554.0	442.0	178.0	421.0	518.0	463.0	405.0	449.0	448.0	271.0	350.0	205.0	391.0	448.0	296.0	296.0	322.0	417.0	354.0	558.0	217.0	178.0	423.0	445.0	408.0	419.0	428.0	231.0	341.0	390.0	292.0	576.0	629.0	354.0	383.0	206.0	413.0	540.0	297.0	543.0	444.0	286.0	348.0	569.0	423.0	320.0	187.0	493.0
Gene81	342.0	488.0	278.0	315.0	385.0	252.0	443.0	274.0	260.0	414.0	532.0	295.0	131.0	480.0	242.0	297.0	190.0	325.0	506.0	455.0	491.0	512.0	380.0	520.0	471.0	511.0	486.0	536.0	272.0	293.0	480.0	457.0	379.0	598.0	355.0	294.0	505.0	515.0	389.0	355.0	394.0	377.0	259.0	545.0	184.0	135.0	444.0	470.0	309.0	386.0	346.0	389.0	590.0	512.0	250.0	433.0	601.0	489.0	413.0	586.0	455.0	245.0	411.0	263.0	359.0	568.0	218.0	242.0	253.0	372.0	303.0	505.0	331.0	218.0	415.0	512.0	326.0	479.0	379.0	160.0	280.0	309.0	432.0	499.0	613.0	433.0	305.0	326.0	489.0	434.0	303.0	582.0	448.0	366.0	388.0	589.0	382.0	280.0	268.0	384.0
Gene82	339.0	554.0	245.0	290.0	371.0	183.0	374.0	271.0	292.0	504.0	506.0	305.0	188.0	502.0	206.0	221.0	253.0	412.0	522.0	439.0	388.0	430.0	361.0	428.0	553.0	557.0	512.0	569.0	182.0	218.0	503.0	502.0	443.0	502.0	212.0	365.0	553.0	539.0	363.0	323.0	403.0	484.0	166.0	621.0	299.0	156.0	371.0	488.0	209.0	330.0	349.0	467.0	615.0	510.0	253.0	416.0	512.0	444.0	444.0	563.0	482.0	270.0	386.0	215.0	283.0	440.0	217.0	275.0	350.0	381.0	379.0	479.0	288.0	211.0	489.0	520.0	367.0	477.0	418.0	251.0	292.0	279.0	410.0	543.0	527.0	373.0	371.0	194.0	488.0	466.0	378.0	593.0	550.0	381.0	264.0	494.0	338.0	379.0	197.0	396.0
Gene83	248.0	438.0	283.0	383.0	287.0	230.0	402.0	276.0	243.0	458.0	414.0	297.0	141.0	524.0	311.0	221.0	210.0	420.0	527.0	414.0	440.0	505.0	411.0	505.0	488.0	509.0	523.0	477.0	314.0	315.0	517.0	566.0	474.0	521.0	336.0	241.0	469.0	594.0	340.0	260.0	473.0	396.0	266.0	539.0	312.0	179.0	489.0	487.0	246.0	379.0	375.0	370.0	478.0	442.0	175.0	458.0	606.0	503.0	472.0	487.0	467.0	277.0	318.0	198.0	266.0	436.0	221.0	244.0	266.0	454.0	394.0	594.0	307.0	252.0	401.0	558.0	318.0	413.0	432.0	171.0	299.0	304.0	370.0	528.0	516.0	366.0	395.0	181.0	491.0	476.0	365.0	633.0	486.0	295.0	359.0	593.0	338.0	379.0	244.0	428.0
Gene84	319.0	533.0	364.0	400.0	317.0	218.0	435.0	274.0	218.0	526.0	524.0	426.0	236.0	554.0	310.0	225.0	137.0	356.0	599.0	362.0	429.0	397.0	456.0	493.0	462.0	579.0	480.0	483.0	291.0	235.0	559.0	537.0	474.0	507.0	351.0	311.0	488.0	484.0	324.0	256.0	432.0	460.0	280.0	530.0	242.0	228.0	371.0	498.0	199.0	259.0	257.0	372.0	578.0	423.0	184.0	378.0	497.0	449.0	425.0	529.0	391.0	150.0	353.0	314.0	309.0	428.0	256.0	229.0	256.0	354.0	280.0	549.0	336.0	183.0	499.0	581.0	358.0	383.0	442.0	233.0	252.0	327.0	412.0	457.0	593.0	338.0	293.0	313.0	507.0	524.0	370.0	494.0	518.0	275.0	310.0	593.0	375.0	298.0	260.0	389.0
Gene85	200.0	488.0	342.0	367.0	368.0	163.0	349.0	326.0	217.0	540.0	550.0	432.0	220.0	555.0	317.0	229.0	260.0	349.0	586.0	374.0	375.0	390.0	460.0	430.0	505.0	611.0	557.0	620.0	239.0	310.0	491.0	560.0	490.0	555.0	309.0	314.0	534.0	500.0	403.0	267.0	374.0	493.0	213.0	600.0	232.0	249.0	470.0	577.0	263.0	278.0	305.0	350.0	507.0	372.0	198.0	512.0	495.0	482.0	457.0	562.0	394.0	221.0	444.0	231.0	367.0	563.0	241.0	297.0	352.0	498.0	347.0	485.0	268.0	298.0	475.0	537.0	393.0	489.0	414.0	161.0	324.0	308.0	366.0	462.0	491.0	348.0	269.0	204.0	438.0	455.0	370.0	562.0	486.0	390.0	380.0	515.0	445.0	388.0	259.0	481.0
Gene86	320.0	561.0	270.0	273.0	366.0	240.0	458.0	330.0	159.0	550.0	422.0	330.0	205.0	536.0	309.0	306.0	258.0	376.0	540.0	410.0	426.0	531.0	454.0	398.0	437.0	610.0	540.0	581.0	181.0	320.0	459.0	489.0	471.0	626.0	344.0	354.0	521.0	604.0	402.0	318.0	360.0	507.0	277.0	563.0	289.0	207.0	490.0	524.0	304.0	259.0	275.0	433.0	513.0	386.0	221.0	376.0	479.0	546.0	360.0	502.0	447.0	177.0	310.0	314.0	341.0	490.0	287.0	181.0	304.0	452.0	346.0	541.0	305.0	277.0	407.0	522.0	306.0	360.0	369.0	225.0	303.0	284.0	323.0	563.0	491.0	369.0	257.0	319.0	520.0	460.0	258.0	562.0	457.0	370.0	341.0	591.0	406.0	372.0	202.0	384.0
Gene87	286.0	489.0	264.0	357.0	296.0	151.0	422.0	289.0	200.0	549.0	426.0	349.0	159.0	541.0	296.0	265.0	223.0	409.0	532.0	385.0	384.0	393.0	443.0	426.0	564.0	568.0	442.0	487.0	222.0	227.0	534.0	528.0	434.0	636.0	296.0	219.0	570.0	506.0	328.0	335.0	353.0	490.0	227.0	522.0	260.0	177.0	432.0	439.0	303.0	271.0	250.0	395.0	526.0	441.0	202.0	397.0	497.0	439.0	441.0	472.0	374.0	178.0	356.0	275.0	284.0	470.0	289.0	234.0	375.0	395.0	347.0	581.0	240.0	251.0	416.0	529.0	384.0	434.0	410.0	263.0	375.0	309.0	324.0	442.0	568.0	456.0	269.0	301.0	443.0	494.0	246.0	579.0	558.0	417.0	358.0	591.0	383.0	291.0	294.0	498.0
Gene88	193.0	558.0	378.0	318.0	289.0	166.0	365.0	312.0	157.0	480.0	447.0	407.0	167.0	529.0	207.0	290.0	252.0	362.0	503.0	481.0	463.0	423.0	503.0	495.0	508.0	523.0	499.0	622.0	331.0	292.0	449.0	440.0	516.0	551.0	260.0	296.0	453.0	553.0	444.0	264.0	373.0	491.0	179.0	497.0	238.0	173.0	514.0	534.0	311.0	262.0	290.0	377.0	532.0	398.0	199.0	503.0	558.0	499.0	386.0	503.0	418.0	198.0	349.0	285.0	385.0	565.0	250.0	187.0	261.0	484.0	336.0	471.0	314.0	169.0	496.0	526.0	336.0	455.0	462.0	250.0	348.0	282.0	290.0	484.0	528.0	446.0	345.0	318.0	478.0	443.0	381.0	584.0	431.0	382.0	371.0	563.0	369.0	306.0	298.0	380.0
Gene89	196.0	503.0	269.0	395.0	284.0	246.0	382.0	300.0	240.0	542.0	540.0	382.0	206.0	573.0	247.0	271.0	211.0	363.0	495.0	439.0	454.0	389.0	408.0	467.0	493.0	468.0	556.0	588.0	320.0	284.0	525.0	489.0	512.0	621.0	254.0	238.0	500.0	465.0	364.0	260.0	340.0	432.0	274.0	595.0	333.0	155.0	398.0	464.0	248.0	307.0	247.0	420.0	575.0	388.0	202.0	388.0	570.0	568.0	371.0	501.0	390.0	166.0	450.0	235.0	288.0	450.0	195.0	291.0	249.0	492.0	383.0	466.0	333.0	175.0	421.0	547.0	354.0	404.0	367.0	138.0	247.0	291.0	353.0	552.0	621.0	373.0	358.0	324.0	421.0	425.0	329.0	543.0	555.0	338.0	323.0	623.0	394.0	314.0	286.0	447.0
Gene90	238.0	428.0	313.0	333.0	288.0	163.0	371.0	292.0	260.0	466.0	523.0	294.0	194.0	579.0	201.0	218.0	214.0	394.0	543.0	486.0	424.0	472.0	446.0	396.0	539.0	611.0	463.0	529.0	291.0	265.0	545.0	489.0	451.0	565.0	298.0	363.0	537.0	560.0	311.0	303.0	391.0	393.0	186.0	478.0	270.0	125.0	401.0	529.0	261.0	362.0	260.0	432.0	564.0	416.0	174.0	384.0	581.0	486.0	416.0	555.0	398.0	210.0	396.0	293.0	408.0	439.0	196.0	259.0	309.0	402.0	320.0	574.0	285.0	191.0	479.0	473.0	378.0	367.0	372.0	214.0	234.0	276.0	427.0	444.0	604.0	471.0	275.0	255.0	454.0	404.0	311.0	507.0	519.0	304.0	274.0	548.0	461.0	382.0	324.0	377.0
Gene91	264.0	491.0	299.0	372.0	320.0	262.0	473.0	259.0	274.0	485.0	420.0	417.0	245.0	521.0	320.0	256.0	250.0	378.0	483.0	481.0	353.0	403.0	361.0	486.0	531.0	576.0	463.0	559.0	222.0	326.0	584.0	535.0	387.0	554.0	217.0	287.0	505.0	572.0	417.0	346.0	365.0	414.0	262.0	560.0	272.0	260.0	441.0	472.0	165.0	381.0	254.0	436.0	579.0	448.0	165.0	414.0	548.0	472.0	381.0	563.0	375.0	237.0	365.0	305.0	278.0	563.0	308.0	232.0	376.0	433.0	385.0	504.0	250.0	221.0	494.0	554.0	354.0	443.0	492.0	157.0	240.0	269.0	408.0	480.0	497.0	368.0	344.0	228.0	487.0	443.0	309.0	605.0	494.0	374.0	329.0	486.0	398.0	315.0	306.0	403.0
Gene92	193.0	533.0	242.0	259.0	310.0	221.0	327.0	207.0	250.0	417.0	427.0	347.0	125.0	570.0	232.0	312.0	146.0	359.0	526.0	415.0	485.0	503.0	507.0	495.0	446.0	496.0	476.0	587.0	293.0	315.0	487.0	491.0	516.0	610.0	220.0	289.0	598.0	604.0	403.0	300.0	407.0	431.0	284.0	590.0	300.0	224.0	399.0	456.0	297.0	380.0	303.0	327.0	554.0	401.0	273.0	428.0	496.0	427.0	408.0	536.0	396.0	168.0	349.0	280.0	378.0	568.0	193.0	222.0	389.0	440.0	266.0	494.0	328.0	233.0	400.0	468.0	336.0	405.0	476.0	186.0	231.0	286.0	302.0	509.0	489.0	410.0	345.0	223.0	450.0	455.0	338.0	625.0	524.0	339.0	350.0	544.0	330.0	323.0	194.0	442.0
Gene93	308.0	448.0	305.0	256.0	297.0	227.0	433.0	292.0	146.0	502.0	453.0	385.0	170.0	499.0	240.0	289.0	219.0	423.0	576.0	468.0	387.0	405.0	444.0	435.0	531.0	520.0	571.0	566.0	253.0	281.0	502.0	481.0	375.0	501.0	347.0	319.0	486.0	489.0	452.0	287.0	383.0	451.0	233.0	528.0	300.0	134.0	435.0	536.0	286.0	375.0	331.0	431.0	578.0	484.0	206.0	514.0	543.0	497.0	355.0	450.0	358.0	263.0	336.0	300.0	342.0	460.0	299.0	253.0	307.0	426.0	406.0	562.0	230.0	197.0	492.0	505.0	332.0	404.0	462.0	153.0	350.0	256.0	322.0	478.0	556.0	383.0	371.0	310.0	414.0	455.0	273.0	598.0	461.0	342.0	387.0	582.0	457.0	302.0	282.0	467.0
Gene94	227.0	517.0	239.0	331.0	288.0	256.0	460.0	279.0	247.0	497.0	472.0	302.0	174.0	519.0	296.0	240.0	157.0	433.0	561.0	486.0	466.0	534.0	442.0	492.0	545.0	572.0	444.0	540.0	261.0	293.0	529.0	435.0	477.0	545.0	222.0	316.0	526.0	518.0	350.0	275.0	390.0	451.0	169.0	481.0	321.0	210.0	501.0	558.0	301.0	251.0	312.0	424.0	613.0	396.0	208.0	409.0	471.0	522.0	465.0	541.0	371.0	172.0	369.0	262.0	353.0	442.0	179.0	193.0	256.0	485.0	350.0	554.0	228.0	186.0	389.0	590.0	329.0	443.0	449.0	168.0	305.0	266.0	434.0	455.0	590.0	452.0	282.0	314.0	476.0	437.0	315.0	579.0	463.0	307.0	289.0	547.0	354.0	418.0	198.0	435.0
Gene95	248.0	565.0	356.0	354.0	263.0	187.0	443.0	245.0	262.0	561.0	549.0	432.0	233.0	470.0	300.0	263.0	188.0	384.0	506.0	463.0	419.0	425.0	470.0	475.0	456.0	477.0	525.0	483.0	244.0	311.0	591.0	434.0	467.0	525.0	329.0	336.0	512.0	544.0	438.0	389.0	370.0	408.0	259.0	571.0	272.0	191.0	512.0	468.0	171.0	275.0	293.0	341.0	504.0	380.0	197.0	487.0	545.0	574.0	389.0	498.0	449.0	223.0	350.0	272.0	381.0	485.0	171.0	281.0	285.0	453.0	317.0	600.0	251.0	267.0	383.0	525.0	372.0	399.0	376.0	247.0	353.0	352.0	351.0	470.0	508.0	387.0	391.0	284.0	429.0	515.0	328.0	526.0	480.0	348.0	288.0	477.0	333.0	274.0	319.0	446.0
Gene96	235.0	520.0	342.0	337.0	392.0	163.0	397.0	199.0	215.0	552.0	443.0	396.0	169.0	527.0	258.0	268.0	227.0	393.0	490.0	424.0	404.0	481.0	460.0	440.0	460.0	532.0	434.0	614.0	277.0	342.0	480.0	459.0	458.0	594.0	279.0	285.0	467.0	473.0	454.0	344.0	427.0	487.0	186.0	477.0	191.0	125.0	512.0	548.0	240.0	289.0	265.0	331.0	473.0	462.0	233.0	371.0	524.0	548.0	345.0	561.0	406.0	199.0	311.0	264.0	396.0	451.0	166.0	290.0	290.0	416.0	284.0	578.0	261.0	297.0	419.0	581.0	266.0	410.0	385.0	247.0	361.0	366.0	421.0	495.0	526.0	344.0	278.0	246.0	529.0	456.0	369.0	545.0	429.0	313.0	275.0	515.0	412.0	368.0	198.0	455.0
Gene97	202.0	469.0	246.0	375.0	261.0	261.0	466.0	302.0	266.0	548.0	509.0	419.0	127.0	580.0	204.0	192.0	282.0	471.0	605.0	479.0	396.0	519.0	382.0	473.0	459.0	608.0	509.0	507.0	244.0	275.0	534.0	570.0	444.0	638.0	318.0	223.0	469.0	566.0	362.0	265.0	438.0	396.0	288.0	537.0	310.0	226.0	388.0	481.0	236.0	262.0	271.0	437.0	531.0	389.0	275.0	408.0	554.0	454.0	417.0	513.0	427.0	186.0	381.0	335.0	350.0	525.0	236.0	294.0	288.0	500.0	271.0	472.0	282.0	305.0	475.0	578.0	306.0	412.0	410.0	208.0	338.0	346.0	380.0	543.0	581.0	361.0	294.0	184.0	434.0	426.0	353.0	631.0	421.0	375.0	279.0	566.0	379.0	422.0	239.0	493.0
Gene98	250.0	553.0	322.0	264.0	359.0	229.0	384.0	195.0	216.0	525.0	463.0	370.0	244.0	456.0	226.0	312.0	278.0	458.0	595.0	407.0	452.0	496.0	383.0	487.0	565.0	608.0	477.0	622.0	229.0	335.0	462.0	466.0	485.0	619.0	314.0	287.0	563.0	502.0	381.0	356.0	371.0	381.0	210.0	527.0	312.0	256.0	448.0	467.0	237.0	309.0	333.0	372.0	615.0	432.0	208.0	418.0	491.0	428.0	349.0	536.0	345.0	167.0	433.0	295.0	312.0	539.0	267.0	298.0	308.0	422.0	396.0	543.0	290.0	191.0	400.0	510.0	267.0	385.0	377.0	156.0	272.0	309.0	360.0	547.0	540.0	402.0	322.0	303.0	446.0	468.0	253.0	507.0	515.0	311.0	383.0	475.0	338.0	315.0	226.0	470.0
Gene99	252.0	489.0	377.0	258.0	287.0	269.0	472.0	298.0	199.0	530.0	526.0	365.0	264.0	496.0	224.0	320.0	214.0	463.0	522.0	482.0	370.0	534.0	418.0	499.0	445.0	615.0	552.0	545.0	252.0	355.0	469.0	559.0	432.0	545.0	352.0	293.0	520.0	534.0	363.0	369.0	359.0	386.0	160.0	599.0	191.0	204.0	496.0	518.0	174.0	358.0	273.0	367.0	503.0	403.0	187.0	503.0	543.0	528.0	364.0	451.0	487.0	224.0	372.0	327.0	274.0	503.0	185.0	175.0	267.0	476.0	345.0	477.0	272.0	238.0	432.0	452.0	277.0	399.0	440.0	142.0	369.0	267.0	424.0	542.0	552.0	481.0	390.0	177.0	455.0	527.0	328.0	635.0	450.0	284.0	266.0	493.0	447.0	327.0	320.0	392.0
Gene100	192.0	532.0	248.0	372.0	388.0	248.0	395.0	316.0	200.0	545.0	426.0	408.0	170.0	544.0	285.0	194.0	182.0	429.0	533.0	386.0	361.0	411.0	475.0	407.0	515.0	566.0	530.0	531.0	206.0	324.0	458.0	461.0	400.0	607.0	355.0	333.0	538.0	538.0	378.0	317.0	443.0	465.0	290.0	503.0	216.0	233.0	497.0	573.0	229.0	268.0	302.0	385.0	526.0	387.0	264.0	469.0	484.0	513.0	449.0	545.0	392.0	289.0	435.0	344.0	297.0	449.0	280.0	253.0	265.0	360.0	275.0	520.0	341.0	178.0	489.0	552.0	328.0	431.0	435.0	232.0	359.0	355.0	435.0	554.0	604.0	470.0	395.0	210.0	424.0	430.0	276.0	628.0	553.0	313.0	270.0	562.0	362.0	315.0	230.0	370.0
Gene101	267.0	447.0	265.0	378.0	397.0	140.0	443.0	250.0	274.0	559.0	476.0	396.0	262.0	509.0	258.0	191.0	203.0	355.0	550.0	485.0	463.0	411.0	429.0	522.0	521.0	552.0	539.0	592.0	209.0	242.0	563.0	492.0	385.0	591.0	230.0	299.0	571.0	487.0	411.0	250.0	348.0	458.0	184.0	553.0	243.0	192.0	464.0	483.0	276.0	333.0	271.0	456.0	558.0	423.0	239.0	421.0	536.0	560.0	463.0	584.0	453.0	262.0	317.0	205.0	377.0	526.0	164.0	231.0	287.0	355.0	403.0	506.0	252.0	277.0	406.0	591.0	334.0	389.0	452.0	148.0	288.0	260.0	291.0	575.0	514.0	400.0	396.0	199.0	539.0	544.0	328.0	489.0	524.0	372.0	393.0	573.0	337.0	331.0	237.0	463.0
Gene51	311.0	521.0	249.0	385.0	385.0	171.0	370.0	217.0	245.0	490.0	440.0	365.0	255.0	457.0	249.0	322.0	161.0	438.0	505.0	452.0	469.0	476.0	475.0	431.0	577.0	574.0	557.0	554.0	290.0	352.0	531.0	568.0	389.0	593.0	231.0	233.0	457.0	566.0	352.0	249.0	355.0	411.0	272.0	611.0	297.0	213.0	501.0	543.0	226.0	359.0	267.0	345.0	580.0	480.0	207.0	481.0	553.0	459.0	446.0	478.0	435.0	274.0	365.0	312.0	274.0	459.0	265.0	212.0	300.0	495.0	293.0	518.0	203.0	232.0	399.0	569.0	269.0	461.0	383.0	250.0	368.0	285.0	310.0	520.0	532.0	341.0	337.0	204.0	432.0	455.0	348.0	638.0	438.0	269.0	331.0	554.0	375.0	380.0	312.0	502.0
